user_id,age_group,gender,travel_frequency,avg_budget_per_trip,preferred_travel_purpose,mobile_user,social_media_active,loyalty_score
1,46-55,女,2,864,探亲,True,True,0.86
2,55+,女,3,900,旅游,True,True,0.23
3,36-45,女,2,2414,探亲,False,True,0.22
4,55+,女,8,620,商务,False,True,0.2
5,55+,女,7,319,旅游,False,True,0.92
6,26-35,男,2,964,学习,True,True,0.85
7,36-45,女,2,744,旅游,True,False,0.77
8,36-45,男,5,506,商务,True,True,0.39
9,36-45,女,6,953,旅游,True,False,0.5
10,55+,男,6,1624,旅游,True,True,0.46
11,46-55,女,1,1088,商务,True,True,0.25
12,36-45,男,6,1401,旅游,True,True,0.51
13,55+,女,4,4678,旅游,True,True,0.03
14,26-35,男,8,833,商务,True,True,0.13
15,46-55,女,4,1370,探亲,True,True,0.89
16,26-35,男,4,729,商务,True,True,0.75
17,46-55,女,4,557,旅游,True,False,0.42
18,55+,男,5,686,学习,True,True,0.52
19,18-25,男,5,747,学习,True,False,0.37
20,46-55,女,4,1462,商务,True,True,0.74
21,26-35,女,4,7181,学习,True,True,0.78
22,55+,男,4,618,旅游,True,True,0.76
23,46-55,女,3,785,旅游,True,True,0.72
24,18-25,男,5,1042,商务,True,True,0.2
25,18-25,男,2,1505,旅游,True,True,0.34
26,36-45,男,1,1354,探亲,True,True,0.47
27,36-45,女,8,3063,旅游,True,True,0.33
28,26-35,男,2,157,商务,True,True,0.75
29,46-55,男,2,162,探亲,True,True,0.33
30,46-55,女,2,737,探亲,True,True,0.14
31,36-45,女,4,2638,学习,True,False,0.4
32,46-55,女,2,313,旅游,True,False,0.98
33,46-55,女,4,98,商务,True,True,0.23
34,18-25,男,7,1731,学习,True,False,0.61
35,36-45,男,2,1332,学习,True,False,0.43
36,55+,男,3,458,旅游,False,True,0.07
37,36-45,男,4,498,旅游,True,True,0.49
38,55+,女,4,504,商务,True,False,0.7
39,18-25,男,8,1198,学习,True,True,0.51
40,26-35,男,6,664,商务,True,False,0.87
41,46-55,女,3,1628,学习,True,True,0.29
42,18-25,男,2,111,学习,True,True,0.09
43,46-55,男,8,552,学习,True,True,0.94
44,26-35,男,6,445,旅游,False,True,0.38
45,26-35,男,4,893,学习,True,False,0.58
46,18-25,男,3,713,学习,True,False,0.79
47,26-35,男,4,2076,学习,False,True,0.32
48,55+,女,3,247,探亲,True,True,0.72
49,26-35,女,5,1137,旅游,True,False,0.14
50,46-55,男,4,1714,探亲,True,True,0.29
51,46-55,男,4,4843,旅游,True,True,0.14
52,46-55,女,7,745,商务,True,True,0.81
53,46-55,男,2,1421,探亲,False,False,0.22
54,55+,男,5,259,商务,True,False,0.72
55,36-45,男,3,161,学习,True,True,0.94
56,18-25,女,3,2155,商务,False,True,0.53
57,46-55,男,4,1091,商务,True,False,0.54
58,26-35,女,4,2815,商务,True,True,0.46
59,46-55,男,2,365,商务,True,True,0.33
60,26-35,女,4,1662,旅游,False,True,0.48
61,26-35,女,3,4890,探亲,True,False,0.6
62,46-55,男,5,1534,旅游,True,True,0.99
63,55+,女,7,1368,旅游,True,True,0.94
64,26-35,男,6,1104,旅游,True,True,0.86
65,26-35,女,6,312,商务,False,True,0.89
66,46-55,男,4,3243,旅游,True,True,0.47
67,26-35,男,4,672,探亲,True,True,0.66
68,26-35,女,1,1641,旅游,False,True,0.9
69,46-55,男,4,314,学习,True,True,0.39
70,46-55,男,5,426,商务,True,True,0.96
71,18-25,女,7,3456,学习,True,True,0.42
72,55+,男,3,830,探亲,True,False,0.6
73,55+,男,2,3507,探亲,True,False,0.71
74,26-35,女,3,1030,探亲,False,True,0.95
75,55+,女,3,251,探亲,True,False,0.24
76,26-35,男,2,2238,旅游,True,True,0.75
77,18-25,男,3,684,商务,True,False,0.52
78,46-55,女,6,1917,探亲,True,True,0.27
79,46-55,女,7,1118,学习,True,True,0.78
80,46-55,男,5,319,探亲,True,True,0.55
81,55+,女,3,1250,商务,False,True,0.66
82,18-25,男,6,6354,学习,True,False,0.32
83,55+,男,5,1626,学习,True,True,0.48
84,55+,男,4,1047,学习,True,True,0.62
85,18-25,男,5,2592,旅游,False,True,0.4
86,18-25,男,1,1297,探亲,True,False,0.2
87,18-25,女,3,1296,旅游,True,True,0.96
88,18-25,女,3,457,学习,True,True,0.51
89,46-55,女,4,1322,旅游,False,False,0.73
90,36-45,女,6,2510,旅游,True,True,0.41
91,36-45,男,4,561,旅游,True,True,0.36
92,18-25,男,6,3427,探亲,True,False,0.41
93,36-45,男,3,1019,学习,True,True,0.41
94,36-45,男,5,539,学习,True,True,0.54
95,18-25,女,6,2435,探亲,True,True,0.54
96,36-45,男,3,871,旅游,True,False,0.5
97,55+,男,2,2013,旅游,False,True,0.13
98,26-35,女,1,868,商务,False,False,0.5
99,26-35,女,5,1045,商务,True,False,0.17
100,18-25,女,4,1627,商务,True,True,0.13
101,46-55,女,5,1383,探亲,True,False,0.93
102,18-25,男,2,222,学习,True,True,0.6
103,46-55,男,2,447,商务,True,True,0.66
104,26-35,女,3,2306,学习,True,False,0.4
105,18-25,男,3,986,学习,True,False,0.91
106,55+,男,2,721,学习,True,True,0.64
107,36-45,男,3,369,探亲,True,True,0.77
108,46-55,女,6,462,探亲,True,True,0.37
109,36-45,男,3,217,探亲,True,True,0.96
110,36-45,女,4,1011,探亲,True,True,0.82
111,18-25,男,5,679,商务,False,True,0.85
112,36-45,男,3,506,旅游,True,True,0.17
113,55+,男,3,1038,旅游,True,True,0.27
114,36-45,女,3,1467,旅游,True,True,0.29
115,18-25,男,6,5852,商务,True,False,0.27
116,55+,女,4,327,旅游,False,False,0.86
117,26-35,女,3,2772,商务,True,True,0.03
118,36-45,女,5,2388,商务,True,True,0.08
119,18-25,男,8,587,商务,True,True,0.27
120,26-35,男,2,1290,旅游,True,True,0.2
121,26-35,男,8,760,学习,False,True,0.23
122,46-55,男,4,1272,旅游,True,False,0.8
123,55+,女,2,3667,旅游,True,True,0.56
124,36-45,女,3,1780,探亲,True,True,0.01
125,18-25,女,2,1647,商务,True,True,0.43
126,46-55,男,5,777,学习,True,True,0.41
127,55+,女,4,334,探亲,True,True,0.11
128,46-55,男,3,928,学习,True,False,0.68
129,55+,女,2,2879,学习,True,True,0.7
130,55+,男,3,323,商务,False,True,0.72
131,36-45,男,4,471,旅游,True,True,0.73
132,55+,女,4,1213,商务,True,False,0.0
133,46-55,女,2,498,商务,True,True,0.95
134,55+,女,8,581,探亲,True,True,0.81
135,36-45,女,3,781,商务,True,False,0.9
136,36-45,男,4,367,旅游,True,True,0.02
137,46-55,女,5,503,学习,True,True,0.93
138,26-35,女,4,1925,商务,True,True,0.81
139,26-35,女,7,385,学习,True,True,0.84
140,55+,男,6,305,商务,True,True,0.09
141,18-25,男,3,662,学习,True,True,0.74
142,55+,女,2,1969,商务,True,True,0.96
143,46-55,男,6,936,探亲,False,True,0.68
144,46-55,女,4,756,学习,False,True,0.57
145,46-55,男,6,1136,商务,True,True,0.95
146,46-55,男,2,271,商务,True,True,0.44
147,46-55,男,4,1629,探亲,True,False,0.6
148,36-45,男,4,1490,探亲,True,True,0.48
149,26-35,女,4,790,探亲,False,True,0.93
150,46-55,女,3,2452,学习,True,True,0.08
151,18-25,女,2,444,学习,True,True,0.5
152,18-25,男,5,2703,探亲,True,True,0.69
153,18-25,女,2,1240,旅游,True,True,0.79
154,18-25,女,8,837,旅游,True,True,0.58
155,36-45,女,3,1079,商务,True,True,0.91
156,18-25,男,4,1006,旅游,True,False,0.94
157,46-55,男,4,2910,商务,True,True,0.06
158,55+,男,7,463,学习,True,True,0.4
159,18-25,女,3,595,学习,True,True,0.02
160,36-45,女,2,2512,旅游,True,True,0.33
161,36-45,女,6,681,学习,True,True,0.54
162,18-25,男,3,2253,探亲,True,True,0.91
163,55+,男,7,4270,探亲,False,True,0.85
164,18-25,女,4,795,旅游,False,False,0.13
165,36-45,男,5,1891,旅游,False,False,0.09
166,26-35,男,3,435,商务,True,True,0.59
167,46-55,男,1,2005,学习,True,True,0.53
168,36-45,男,4,1286,商务,True,False,0.27
169,18-25,女,6,1601,商务,False,True,0.9
170,46-55,男,4,654,探亲,False,True,0.93
171,18-25,男,3,290,探亲,False,True,0.4
172,18-25,男,4,1640,探亲,True,True,0.89
173,26-35,男,4,210,探亲,False,True,0.38
174,46-55,女,3,850,商务,True,True,0.74
175,46-55,女,3,2328,探亲,True,True,0.48
176,26-35,男,4,1278,学习,True,True,0.12
177,36-45,男,3,5211,探亲,True,False,0.93
178,18-25,男,2,2490,探亲,True,True,0.45
179,55+,男,3,649,探亲,True,True,0.73
180,18-25,男,5,1120,旅游,True,True,0.37
181,18-25,男,5,1055,学习,True,False,0.02
182,36-45,女,5,309,学习,False,False,0.1
183,18-25,男,4,516,商务,True,True,0.5
184,26-35,女,4,700,商务,True,True,0.69
185,26-35,女,2,215,探亲,True,False,0.33
186,46-55,男,5,1139,旅游,False,True,0.7
187,55+,女,3,898,商务,True,True,0.7
188,18-25,女,3,287,商务,True,True,0.7
189,18-25,女,3,1515,探亲,True,True,0.49
190,36-45,女,7,1944,探亲,True,True,0.91
191,26-35,女,2,1315,商务,True,True,0.49
192,55+,女,3,846,商务,False,True,0.45
193,46-55,男,3,1760,学习,True,False,0.2
194,26-35,女,3,1889,旅游,True,False,0.31
195,46-55,女,6,1402,学习,False,False,0.04
196,36-45,女,4,566,商务,False,False,0.63
197,36-45,男,2,1368,学习,True,True,0.25
198,18-25,女,4,2853,学习,False,True,0.3
199,55+,男,6,680,商务,True,True,0.77
200,46-55,女,5,5874,探亲,True,False,0.33
201,26-35,男,5,720,商务,True,True,0.24
202,36-45,男,6,1125,探亲,True,False,0.17
203,18-25,女,3,640,商务,True,True,0.77
204,18-25,女,4,1311,商务,True,False,0.13
205,46-55,男,3,272,商务,True,True,0.45
206,36-45,女,9,708,旅游,True,True,0.51
207,55+,男,4,457,探亲,True,False,0.69
208,36-45,男,5,1222,旅游,True,True,0.63
209,46-55,男,6,2429,商务,True,False,0.81
210,46-55,男,5,1838,学习,True,True,0.04
211,36-45,男,4,164,旅游,True,True,0.3
212,46-55,女,4,5617,探亲,True,True,0.28
213,36-45,男,2,1388,商务,True,True,0.15
214,26-35,男,5,589,旅游,True,True,0.29
215,36-45,女,5,1243,学习,True,True,0.31
216,36-45,男,4,1262,旅游,False,True,0.52
217,46-55,女,3,643,探亲,True,True,0.66
218,46-55,女,6,1284,旅游,True,True,0.38
219,18-25,女,2,674,学习,True,True,0.72
220,18-25,男,8,793,学习,False,False,0.34
221,26-35,男,4,633,探亲,True,True,0.29
222,18-25,男,5,348,学习,True,True,0.54
223,36-45,女,3,1232,商务,True,True,0.02
224,46-55,男,1,1751,学习,True,True,0.08
225,18-25,女,5,1655,商务,True,True,0.42
226,18-25,男,4,2113,旅游,True,False,0.94
227,26-35,女,5,1421,商务,True,False,0.72
228,26-35,男,4,716,商务,True,True,0.09
229,36-45,男,2,2146,旅游,True,True,0.85
230,46-55,男,1,370,学习,True,False,0.73
231,26-35,女,4,533,商务,True,True,0.61
232,18-25,女,3,507,学习,True,True,0.82
233,46-55,男,7,2602,旅游,False,True,0.4
234,46-55,男,3,2331,探亲,True,True,0.22
235,18-25,女,5,1619,学习,True,False,0.51
236,26-35,女,4,2585,学习,True,True,0.55
237,18-25,女,8,542,探亲,True,True,0.54
238,46-55,男,6,1449,探亲,True,True,0.57
239,55+,女,5,992,旅游,True,False,0.95
240,55+,男,2,2159,学习,False,False,0.9
241,36-45,女,7,1000,学习,True,True,0.88
242,18-25,男,2,805,旅游,True,True,0.8
243,18-25,女,3,1690,学习,True,True,0.94
244,36-45,女,2,2210,商务,True,False,0.1
245,36-45,女,4,642,商务,True,False,0.27
246,36-45,女,3,1044,商务,True,True,0.5
247,46-55,女,2,470,学习,True,False,0.85
248,18-25,男,1,148,商务,False,True,0.51
249,46-55,女,2,1287,商务,True,True,0.75
250,36-45,女,2,1784,旅游,False,True,0.14
251,18-25,女,6,1352,旅游,True,True,0.25
252,46-55,男,3,230,探亲,True,True,0.73
253,46-55,女,7,828,探亲,True,True,0.16
254,36-45,男,3,185,探亲,True,True,0.35
255,18-25,女,6,3280,探亲,False,True,0.26
256,36-45,女,3,459,旅游,True,True,0.35
257,18-25,男,2,2993,旅游,True,True,0.71
258,55+,女,2,2337,旅游,True,True,0.37
259,26-35,男,3,533,商务,True,True,0.56
260,26-35,男,4,443,商务,False,True,0.1
261,26-35,女,3,1451,探亲,True,False,0.81
262,36-45,男,2,558,商务,True,False,0.37
263,55+,女,6,1190,学习,True,False,0.65
264,18-25,女,6,745,旅游,False,True,0.73
265,46-55,男,3,263,探亲,True,True,0.21
266,18-25,男,2,184,探亲,True,True,0.88
267,46-55,男,4,1314,学习,True,True,0.62
268,18-25,男,1,699,商务,True,True,0.43
269,55+,女,3,704,探亲,True,True,0.18
270,46-55,女,7,1913,商务,True,False,0.94
271,36-45,男,8,2803,商务,True,True,0.76
272,18-25,女,4,881,学习,True,False,0.21
273,18-25,女,4,835,探亲,True,False,0.34
274,46-55,女,4,1636,商务,True,True,0.81
275,36-45,女,2,370,商务,True,False,0.7
276,36-45,男,4,1310,学习,False,True,0.77
277,55+,男,5,1705,学习,False,False,0.44
278,36-45,女,5,1889,商务,True,True,0.72
279,36-45,男,2,232,学习,True,False,0.39
280,36-45,男,4,596,商务,True,True,0.21
281,26-35,男,1,543,探亲,True,False,0.63
282,55+,女,3,1187,旅游,True,True,0.98
283,18-25,女,5,1610,学习,True,True,0.31
284,46-55,女,7,3631,旅游,True,False,0.46
285,18-25,男,4,738,商务,False,False,0.67
286,55+,女,3,736,商务,True,True,0.54
287,46-55,女,5,2751,商务,True,True,0.84
288,55+,男,3,1390,旅游,True,True,0.76
289,36-45,女,5,3023,商务,True,False,0.06
290,46-55,女,3,1381,学习,True,False,1.0
291,36-45,男,7,434,探亲,True,False,0.75
292,18-25,男,3,377,探亲,True,True,0.86
293,18-25,男,1,316,学习,True,True,0.65
294,46-55,女,6,1862,探亲,False,True,0.86
295,46-55,女,4,2838,旅游,True,False,0.11
296,55+,女,3,4814,商务,True,True,0.35
297,55+,男,6,2152,商务,True,False,0.88
298,36-45,男,5,2780,商务,True,True,0.2
299,46-55,女,5,689,旅游,True,True,0.08
300,18-25,女,8,434,旅游,True,True,0.79
301,55+,男,3,2164,旅游,False,True,0.84
302,55+,男,3,1531,学习,False,True,0.16
303,18-25,男,6,1195,旅游,True,True,0.85
304,55+,男,5,1495,探亲,False,True,0.69
305,36-45,女,4,1420,学习,True,False,0.52
306,46-55,男,3,3062,学习,True,True,0.83
307,18-25,女,5,3090,学习,True,True,0.42
308,46-55,女,5,1694,旅游,True,True,0.19
309,55+,女,6,2157,学习,True,True,0.28
310,55+,男,2,1654,旅游,True,False,0.51
311,18-25,男,3,758,旅游,True,True,0.53
312,36-45,男,2,2008,学习,True,False,0.81
313,26-35,男,5,359,商务,True,True,0.79
314,18-25,女,2,2548,商务,False,True,0.58
315,26-35,男,4,421,学习,True,True,0.78
316,26-35,男,2,1378,商务,True,True,0.19
317,36-45,女,3,557,探亲,True,True,0.05
318,26-35,男,6,1707,探亲,True,False,0.87
319,26-35,女,5,1067,旅游,True,True,0.08
320,36-45,女,4,306,商务,True,True,0.25
321,26-35,女,4,1535,探亲,True,True,0.7
322,26-35,女,6,690,学习,True,True,0.41
323,26-35,女,4,2219,商务,True,True,0.88
324,18-25,女,3,1097,探亲,True,True,0.3
325,18-25,女,2,1504,探亲,True,True,0.01
326,18-25,女,3,509,学习,True,True,0.3
327,36-45,男,2,684,旅游,False,True,0.58
328,55+,男,3,759,学习,True,False,0.38
329,26-35,男,2,2176,旅游,True,True,0.53
330,26-35,男,4,4196,探亲,True,True,0.88
331,36-45,女,4,575,旅游,True,False,0.91
332,26-35,男,7,2595,探亲,False,True,0.27
333,18-25,女,6,193,探亲,True,True,0.46
334,55+,男,7,421,商务,True,True,0.55
335,46-55,男,2,509,旅游,True,True,0.95
336,26-35,男,3,371,旅游,True,True,1.0
337,18-25,女,5,308,旅游,True,False,0.24
338,46-55,男,3,1525,学习,True,False,0.73
339,55+,女,2,924,商务,True,False,0.38
340,46-55,女,5,1485,商务,True,False,0.01
341,18-25,男,5,1905,商务,True,True,0.01
342,46-55,男,2,1356,学习,False,True,0.46
343,36-45,男,5,1856,旅游,True,False,0.49
344,46-55,女,4,1037,旅游,True,False,0.02
345,26-35,男,2,424,旅游,True,True,0.69
346,26-35,女,3,2556,商务,True,False,0.29
347,36-45,女,2,684,商务,True,True,0.56
348,18-25,男,3,518,探亲,True,True,0.3
349,26-35,男,3,951,学习,True,True,0.17
350,55+,女,4,528,学习,True,True,0.41
351,26-35,女,5,785,商务,True,True,0.23
352,26-35,女,5,1444,探亲,False,True,0.53
353,18-25,男,1,1449,旅游,True,True,0.2
354,46-55,女,4,534,商务,True,True,0.51
355,26-35,男,1,742,学习,True,True,0.16
356,36-45,女,4,2590,学习,True,False,0.67
357,46-55,女,2,1631,学习,True,True,0.75
358,55+,男,5,5767,旅游,True,True,0.11
359,18-25,女,6,2818,学习,True,True,0.47
360,55+,男,2,2739,旅游,True,True,0.07
361,46-55,男,4,361,旅游,True,False,0.6
362,46-55,女,4,2020,旅游,True,True,0.26
363,46-55,男,4,1051,商务,True,False,0.53
364,55+,男,3,705,旅游,True,True,0.52
365,46-55,女,4,1254,探亲,True,True,0.92
366,55+,男,4,2335,学习,True,True,0.55
367,46-55,男,5,1637,商务,True,True,0.58
368,36-45,男,4,543,学习,True,True,0.4
369,46-55,女,2,1986,旅游,True,True,0.95
370,55+,男,3,658,商务,True,True,0.78
371,26-35,女,5,1304,探亲,True,True,0.29
372,46-55,女,2,860,旅游,True,False,0.84
373,26-35,男,5,920,学习,True,True,0.43
374,36-45,男,3,2024,探亲,True,True,0.83
375,18-25,男,2,477,旅游,True,True,0.82
376,36-45,女,6,5198,探亲,True,True,0.19
377,46-55,男,7,255,旅游,True,True,0.7
378,26-35,男,2,679,商务,True,False,0.29
379,26-35,男,8,1474,旅游,True,False,0.3
380,55+,男,5,1750,商务,False,True,0.3
381,26-35,男,4,1011,旅游,True,True,0.73
382,55+,女,4,1047,旅游,True,True,0.23
383,18-25,女,1,1523,学习,True,True,0.0
384,46-55,男,4,911,探亲,True,True,0.72
385,55+,男,4,3342,探亲,True,True,0.17
386,18-25,男,2,2146,探亲,True,True,0.1
387,26-35,男,1,2204,旅游,True,True,0.24
388,26-35,女,3,506,旅游,True,True,0.38
389,18-25,男,5,1029,旅游,True,True,0.48
390,26-35,女,7,862,商务,True,True,0.04
391,18-25,女,4,490,商务,True,True,0.97
392,55+,男,4,1462,学习,True,False,0.72
393,55+,女,3,713,旅游,True,True,0.32
394,18-25,女,2,1852,探亲,True,False,0.32
395,55+,女,1,465,探亲,True,True,0.45
396,55+,女,3,4338,学习,True,True,0.63
397,55+,男,7,535,探亲,True,True,0.15
398,36-45,男,7,1306,学习,True,True,0.19
399,46-55,女,4,2066,旅游,False,False,0.86
400,26-35,男,4,694,探亲,False,True,0.26
401,36-45,男,3,2168,旅游,True,True,0.38
402,55+,男,6,410,商务,True,True,0.87
403,18-25,男,4,3504,探亲,True,False,0.66
404,55+,男,3,1109,商务,True,True,0.34
405,46-55,女,3,680,探亲,True,False,0.68
406,55+,男,3,863,旅游,True,False,0.02
407,18-25,男,4,2094,学习,False,True,0.74
408,46-55,男,2,687,旅游,True,False,0.49
409,55+,男,7,602,旅游,True,False,0.81
410,46-55,女,5,918,旅游,True,True,0.95
411,26-35,女,7,427,探亲,True,True,0.93
412,26-35,女,3,4705,学习,True,True,0.91
413,55+,女,6,697,商务,True,True,0.51
414,46-55,男,3,2133,旅游,True,True,0.36
415,18-25,女,4,1296,探亲,True,True,0.47
416,55+,男,7,498,商务,True,True,0.69
417,26-35,男,7,1091,旅游,False,True,0.88
418,26-35,男,6,2053,商务,True,True,0.21
419,55+,男,5,943,旅游,True,False,0.92
420,46-55,男,4,2848,商务,True,False,0.82
421,26-35,女,2,2482,商务,True,True,0.98
422,46-55,女,5,2287,学习,True,True,0.88
423,26-35,女,4,759,学习,False,True,0.28
424,26-35,女,5,462,旅游,True,False,0.11
425,36-45,男,3,671,探亲,True,True,0.11
426,26-35,女,3,1283,学习,True,True,0.29
427,18-25,男,5,1697,商务,True,False,0.61
428,55+,女,5,193,学习,True,False,0.8
429,55+,男,2,1089,学习,True,False,0.9
430,46-55,男,3,1244,旅游,True,False,0.62
431,26-35,女,5,878,学习,True,True,0.01
432,18-25,男,3,3081,学习,False,True,0.19
433,46-55,男,4,1536,商务,True,True,0.1
434,36-45,女,6,3128,学习,True,True,0.36
435,46-55,男,3,922,商务,True,False,0.5
436,46-55,女,3,2321,学习,True,True,0.04
437,26-35,女,3,4056,学习,True,True,0.35
438,36-45,女,3,3131,探亲,True,False,0.18
439,46-55,男,5,457,学习,False,True,0.65
440,18-25,男,3,895,商务,True,False,0.46
441,18-25,男,3,832,商务,True,False,0.5
442,55+,女,4,1621,旅游,False,True,0.43
443,36-45,男,3,1899,旅游,True,True,0.96
444,36-45,女,3,560,探亲,True,True,0.21
445,55+,女,3,1157,商务,True,True,0.52
446,46-55,男,6,217,商务,True,True,0.74
447,36-45,女,5,3475,商务,True,True,0.56
448,18-25,男,5,727,探亲,True,False,0.93
449,18-25,男,5,1146,商务,True,True,0.38
450,26-35,男,5,856,旅游,False,False,0.46
451,36-45,男,5,2743,探亲,True,True,0.09
452,46-55,男,1,113,旅游,True,True,0.61
453,55+,女,2,1082,旅游,True,False,0.29
454,55+,女,5,1007,探亲,False,True,0.16
455,46-55,女,2,762,学习,True,True,0.54
456,26-35,男,5,4363,学习,False,True,0.53
457,55+,男,2,539,旅游,True,False,0.08
458,36-45,男,3,2033,学习,True,True,0.7
459,26-35,女,3,1458,商务,True,True,0.62
460,36-45,男,2,3008,探亲,True,True,0.19
461,18-25,女,5,643,旅游,True,False,0.47
462,26-35,女,8,610,商务,True,False,0.72
463,55+,男,4,2635,学习,True,True,0.53
464,26-35,男,5,1541,商务,True,False,0.4
465,26-35,女,6,318,学习,True,True,0.32
466,26-35,男,4,712,旅游,True,True,0.61
467,26-35,女,3,1493,商务,True,True,0.94
468,36-45,男,4,2143,探亲,True,True,0.67
469,18-25,男,3,636,旅游,True,True,0.07
470,46-55,女,3,106,商务,True,True,0.46
471,26-35,男,5,1666,商务,True,True,0.89
472,55+,女,2,413,学习,True,False,0.09
473,26-35,男,6,218,旅游,True,True,0.99
474,55+,女,3,113,旅游,True,True,0.95
475,36-45,女,4,2103,旅游,True,False,0.08
476,55+,男,7,1215,旅游,True,True,0.93
477,46-55,女,4,915,学习,True,True,0.36
478,18-25,男,4,3331,探亲,True,False,0.84
479,55+,男,8,1825,旅游,True,True,0.42
480,55+,男,4,3995,学习,True,True,0.44
481,18-25,女,2,359,探亲,True,True,0.63
482,46-55,女,1,1066,探亲,True,False,0.77
483,26-35,男,4,300,学习,True,True,0.03
484,55+,男,2,912,旅游,True,False,0.59
485,18-25,女,3,898,探亲,True,True,0.19
486,36-45,男,2,1810,旅游,True,True,0.35
487,18-25,男,4,1137,旅游,True,False,0.35
488,36-45,女,2,1805,商务,False,True,0.47
489,46-55,男,3,1925,旅游,True,True,0.33
490,26-35,女,5,6148,商务,True,True,0.11
491,18-25,男,4,852,探亲,True,False,0.15
492,55+,女,5,516,学习,True,True,0.03
493,46-55,男,3,1335,商务,True,True,0.47
494,18-25,男,3,577,学习,True,True,0.95
495,55+,女,4,3588,探亲,False,False,0.12
496,18-25,男,2,874,旅游,True,True,0.95
497,36-45,女,3,697,探亲,True,True,0.73
498,18-25,男,5,752,学习,True,True,0.64
499,18-25,女,7,1948,探亲,True,True,0.65
500,18-25,女,5,966,旅游,True,True,0.83
501,46-55,女,2,656,探亲,True,True,0.11
502,18-25,女,5,4155,旅游,True,True,0.5
503,55+,男,5,552,商务,True,False,0.7
504,36-45,男,2,1128,学习,True,False,0.59
505,36-45,女,6,1847,旅游,True,True,0.83
506,18-25,女,3,297,旅游,True,False,0.07
507,46-55,女,2,1610,探亲,True,True,0.69
508,46-55,男,5,471,商务,True,False,0.53
509,55+,男,4,2117,旅游,True,True,0.38
510,18-25,男,4,507,商务,False,True,0.34
511,36-45,男,7,1908,商务,False,False,0.62
512,46-55,女,5,2656,探亲,True,False,0.89
513,18-25,女,10,2184,旅游,True,True,0.5
514,46-55,女,4,1340,探亲,True,True,0.82
515,46-55,男,3,911,学习,True,True,0.4
516,36-45,男,4,691,学习,True,True,0.1
517,26-35,男,3,3557,旅游,True,True,0.06
518,55+,女,6,626,商务,True,True,0.05
519,55+,女,5,478,旅游,True,False,0.38
520,36-45,男,4,1867,旅游,True,True,0.34
521,46-55,女,6,580,学习,True,True,0.72
522,18-25,男,4,512,学习,True,True,0.74
523,46-55,男,2,345,商务,False,True,0.05
524,36-45,女,4,745,商务,True,True,0.22
525,55+,男,8,1026,旅游,True,True,0.27
526,46-55,女,4,1332,探亲,True,False,0.55
527,55+,男,3,2347,旅游,True,False,0.14
528,18-25,女,6,1671,商务,True,True,0.13
529,55+,女,3,941,探亲,True,True,0.94
530,55+,女,5,935,学习,True,True,0.8
531,26-35,男,2,1649,商务,True,False,0.18
532,26-35,男,4,3035,商务,True,False,0.41
533,26-35,女,9,1213,探亲,True,True,0.36
534,55+,女,4,753,商务,True,True,0.79
535,36-45,男,6,495,商务,True,False,0.51
536,55+,男,7,345,商务,True,True,0.13
537,36-45,男,6,1868,商务,True,True,0.74
538,36-45,女,5,1741,商务,False,False,0.4
539,26-35,男,4,1740,商务,True,False,0.26
540,46-55,男,5,989,商务,False,True,0.38
541,18-25,女,1,3379,商务,True,True,0.5
542,26-35,男,9,744,学习,True,True,0.34
543,26-35,男,3,2354,商务,False,True,0.24
544,46-55,男,5,1063,学习,True,True,0.4
545,18-25,女,1,674,学习,True,True,0.02
546,55+,女,2,1761,旅游,True,False,0.77
547,55+,女,8,1521,旅游,True,False,0.17
548,26-35,女,5,1459,学习,False,True,0.04
549,18-25,女,6,1170,学习,True,True,0.65
550,26-35,女,2,1063,商务,True,True,0.77
551,36-45,女,6,7410,旅游,True,True,0.81
552,26-35,男,2,2828,探亲,True,True,0.49
553,26-35,男,3,1955,旅游,True,True,0.21
554,55+,女,2,1199,学习,True,False,0.74
555,55+,男,5,2454,学习,True,True,0.7
556,55+,男,4,1659,商务,True,False,0.25
557,36-45,女,2,1119,商务,False,False,0.9
558,55+,男,4,860,旅游,True,True,0.1
559,18-25,男,3,1027,商务,True,True,0.98
560,46-55,男,3,86,探亲,True,False,0.86
561,18-25,男,2,1297,探亲,True,False,0.69
562,18-25,男,4,741,商务,True,True,0.94
563,55+,女,3,3921,探亲,False,True,0.72
564,46-55,女,4,1113,探亲,True,True,0.19
565,46-55,女,4,423,旅游,False,False,0.44
566,46-55,男,6,1053,探亲,True,True,0.07
567,36-45,女,7,474,学习,True,True,0.39
568,55+,男,4,1601,学习,True,False,0.74
569,46-55,男,6,1384,旅游,True,True,0.39
570,36-45,男,3,2359,商务,True,True,0.33
571,26-35,男,3,582,旅游,False,True,0.6
572,26-35,女,5,1126,商务,True,False,0.87
573,36-45,女,4,367,商务,False,True,0.05
574,36-45,男,3,1922,商务,True,True,0.39
575,55+,女,2,1660,商务,True,True,0.16
576,55+,男,6,1630,商务,True,True,0.7
577,26-35,女,4,1098,旅游,True,True,0.11
578,46-55,女,5,1528,商务,False,True,0.66
579,26-35,男,2,3957,探亲,True,True,0.29
580,46-55,女,4,872,探亲,True,False,0.2
581,46-55,男,5,1225,商务,True,False,0.94
582,55+,女,3,459,探亲,True,True,0.02
583,18-25,男,3,547,学习,True,True,0.44
584,18-25,男,3,1185,旅游,True,True,0.02
585,36-45,女,5,2652,旅游,True,False,0.48
586,55+,女,6,893,商务,True,True,0.5
587,46-55,男,3,908,商务,True,True,0.32
588,18-25,女,3,791,学习,True,True,0.13
589,46-55,女,5,714,商务,True,True,0.38
590,18-25,男,1,1388,探亲,True,True,0.67
591,18-25,男,4,331,学习,True,True,0.78
592,18-25,女,1,3055,探亲,True,True,0.53
593,55+,男,3,643,旅游,True,False,0.59
594,26-35,男,3,1953,探亲,True,True,0.2
595,46-55,男,2,397,旅游,True,True,0.29
596,55+,女,5,1872,探亲,True,True,0.16
597,55+,女,6,1877,旅游,True,True,0.25
598,55+,男,2,1491,商务,True,True,0.22
599,55+,女,5,494,探亲,True,True,0.52
600,55+,男,1,1338,旅游,True,True,0.56
601,36-45,女,7,425,探亲,True,True,0.94
602,46-55,男,6,895,学习,True,True,0.2
603,55+,男,2,2498,商务,True,True,0.64
604,46-55,女,6,2074,旅游,True,False,0.82
605,36-45,男,2,1110,学习,True,True,0.56
606,36-45,女,5,502,探亲,True,True,0.26
607,46-55,女,3,1838,学习,True,True,0.26
608,18-25,男,2,1113,探亲,True,True,0.04
609,26-35,男,4,171,商务,True,True,0.31
610,18-25,女,4,2051,学习,True,True,0.74
611,18-25,男,7,1075,商务,True,False,0.05
612,18-25,男,1,2869,旅游,True,True,0.22
613,55+,男,4,456,探亲,False,True,0.71
614,36-45,男,6,86,探亲,True,False,0.78
615,18-25,男,2,1370,商务,True,False,0.46
616,36-45,女,4,1384,商务,True,True,0.7
617,46-55,女,5,283,旅游,False,True,0.39
618,26-35,男,3,501,学习,True,True,0.16
619,46-55,男,4,9938,探亲,True,True,0.4
620,46-55,男,8,858,探亲,True,True,0.58
621,55+,女,2,1967,旅游,True,True,0.95
622,26-35,男,4,651,旅游,False,False,0.07
623,46-55,女,4,205,商务,True,True,0.51
624,46-55,女,2,956,商务,True,True,0.33
625,26-35,女,2,886,学习,False,True,0.51
626,26-35,男,3,796,旅游,True,False,0.02
627,46-55,女,3,1000,学习,True,True,0.31
628,26-35,男,7,1354,旅游,True,True,0.82
629,46-55,女,2,972,探亲,True,True,0.55
630,46-55,男,4,398,旅游,True,True,0.45
631,55+,女,4,1618,旅游,True,True,0.29
632,18-25,男,5,230,探亲,True,True,0.3
633,46-55,女,3,212,旅游,True,True,0.38
634,36-45,男,4,1980,学习,True,True,0.84
635,18-25,男,5,1645,商务,True,True,0.97
636,18-25,男,3,1047,商务,False,True,0.44
637,18-25,男,4,359,学习,True,True,0.39
638,55+,女,3,622,探亲,True,True,0.85
639,46-55,女,5,888,旅游,False,True,0.43
640,55+,男,2,305,学习,True,True,0.55
641,46-55,女,4,607,商务,True,False,0.23
642,55+,男,6,1848,商务,True,True,0.74
643,55+,男,3,3435,学习,True,True,0.53
644,36-45,女,5,784,商务,True,True,0.81
645,55+,男,3,2008,学习,False,False,0.78
646,26-35,男,2,237,商务,True,False,0.22
647,36-45,女,4,1858,学习,True,True,0.72
648,55+,男,5,576,旅游,True,True,0.8
649,18-25,男,8,1402,旅游,True,True,0.35
650,26-35,男,5,899,旅游,True,True,0.17
651,26-35,男,7,3153,旅游,True,False,0.0
652,26-35,女,5,544,商务,True,True,0.45
653,36-45,女,2,1811,探亲,True,True,0.35
654,55+,女,2,876,学习,True,False,0.55
655,55+,男,8,966,探亲,True,False,0.19
656,18-25,男,5,946,商务,True,True,0.86
657,18-25,女,4,557,商务,True,True,0.26
658,26-35,男,4,1084,探亲,True,True,0.23
659,18-25,男,4,1043,探亲,True,False,0.48
660,36-45,男,4,1330,商务,False,False,0.5
661,55+,男,2,1173,商务,True,True,0.22
662,26-35,女,2,2076,学习,False,True,0.27
663,18-25,女,4,2295,旅游,True,False,0.17
664,36-45,女,1,473,旅游,False,True,0.72
665,36-45,男,4,2197,学习,True,True,0.77
666,18-25,女,4,424,探亲,False,False,0.46
667,55+,女,1,1755,商务,True,True,0.71
668,18-25,男,3,1800,探亲,True,True,0.74
669,26-35,男,2,237,旅游,False,False,0.14
670,18-25,女,3,1181,旅游,True,False,0.97
671,36-45,女,5,753,探亲,True,True,0.82
672,18-25,女,5,597,旅游,True,True,0.2
673,55+,女,2,3231,商务,False,True,0.19
674,46-55,男,4,650,学习,True,True,0.13
675,18-25,女,4,575,探亲,True,True,0.14
676,55+,女,3,1165,商务,True,False,0.75
677,55+,男,3,1897,商务,True,True,0.47
678,36-45,女,4,979,旅游,True,True,0.78
679,55+,男,3,2788,商务,True,True,0.75
680,55+,男,4,1677,探亲,True,False,0.6
681,55+,男,3,191,商务,False,True,0.69
682,55+,女,2,717,学习,True,True,0.02
683,26-35,女,1,699,商务,True,True,0.31
684,26-35,男,4,1609,商务,True,True,0.64
685,36-45,女,5,134,学习,True,True,0.01
686,18-25,女,5,8427,商务,True,True,0.03
687,55+,男,4,1677,商务,True,True,0.85
688,18-25,男,4,1235,旅游,True,True,0.68
689,18-25,女,7,2822,探亲,True,True,0.27
690,36-45,男,5,7150,旅游,True,True,0.69
691,55+,女,5,2200,探亲,True,True,0.79
692,55+,女,6,2342,学习,True,True,0.31
693,46-55,女,2,1217,学习,True,True,0.04
694,18-25,女,5,979,学习,True,True,0.93
695,18-25,男,3,749,探亲,True,True,0.35
696,26-35,男,5,566,探亲,True,True,0.11
697,46-55,男,6,632,探亲,True,True,0.49
698,26-35,男,3,372,学习,True,True,0.77
699,26-35,女,5,1032,探亲,True,False,0.22
700,26-35,女,2,284,商务,True,False,0.27
701,36-45,男,3,1277,旅游,True,True,0.24
702,36-45,女,5,1065,学习,False,True,0.99
703,26-35,女,2,1233,旅游,False,True,0.2
704,46-55,女,2,722,商务,True,True,0.58
705,18-25,男,1,12855,探亲,True,True,0.93
706,46-55,男,4,3255,旅游,True,True,0.15
707,55+,男,4,405,商务,True,True,0.97
708,36-45,女,5,1321,商务,True,False,0.95
709,18-25,男,3,674,旅游,True,True,0.88
710,18-25,男,4,487,学习,True,False,0.21
711,55+,男,7,375,旅游,True,False,0.63
712,55+,男,3,1549,学习,True,True,0.76
713,26-35,男,3,635,探亲,True,True,0.99
714,36-45,男,3,2378,学习,True,True,0.18
715,36-45,女,5,2428,探亲,True,True,0.77
716,46-55,女,2,3291,旅游,True,True,0.34
717,26-35,男,5,554,探亲,True,True,0.18
718,26-35,男,4,1604,商务,True,True,0.42
719,26-35,女,4,1818,探亲,True,False,0.79
720,26-35,女,6,750,学习,True,True,0.46
721,36-45,男,4,591,学习,True,False,0.54
722,36-45,男,2,3974,学习,True,True,1.0
723,26-35,男,2,1315,探亲,False,False,0.4
724,46-55,男,4,1823,学习,True,True,0.62
725,18-25,女,6,568,学习,True,True,0.37
726,18-25,男,5,413,商务,True,False,0.39
727,46-55,男,3,695,探亲,False,True,0.7
728,26-35,男,8,993,商务,True,True,0.94
729,36-45,男,1,468,学习,False,True,0.54
730,18-25,女,5,1088,学习,True,True,0.77
731,55+,女,3,284,学习,True,True,0.09
732,55+,女,4,447,探亲,False,False,0.21
733,46-55,男,2,1875,旅游,True,True,0.5
734,26-35,男,4,1777,学习,True,True,0.02
735,18-25,女,2,801,学习,True,False,0.25
736,26-35,男,4,485,学习,True,True,0.52
737,18-25,男,7,482,学习,True,True,0.01
738,46-55,女,4,813,探亲,True,False,0.26
739,46-55,女,3,1836,旅游,True,True,0.51
740,55+,女,2,2304,旅游,True,True,0.57
741,26-35,女,5,737,旅游,False,True,0.93
742,55+,男,5,435,学习,True,True,0.65
743,26-35,男,4,1358,学习,True,True,0.41
744,55+,女,2,567,旅游,True,True,0.93
745,36-45,男,5,724,旅游,True,False,0.78
746,36-45,女,3,3165,学习,True,True,0.2
747,36-45,女,5,2125,学习,False,True,0.13
748,36-45,男,2,1244,商务,True,False,0.68
749,18-25,女,6,396,商务,True,True,0.56
750,36-45,男,4,1298,商务,True,False,0.79
751,46-55,男,2,2566,旅游,True,True,0.74
752,46-55,男,3,811,探亲,False,False,0.63
753,18-25,男,2,3232,学习,True,True,0.99
754,36-45,女,6,3084,商务,True,True,0.53
755,36-45,男,2,4150,探亲,True,True,0.11
756,36-45,女,4,1399,学习,True,True,0.83
757,55+,女,3,1754,探亲,True,False,0.25
758,26-35,女,4,3399,旅游,True,True,0.78
759,55+,女,3,1568,旅游,True,True,0.96
760,26-35,男,6,734,旅游,True,False,0.7
761,36-45,男,5,765,商务,True,True,0.6
762,36-45,女,6,1327,学习,False,True,0.46
763,55+,女,3,390,旅游,False,True,0.36
764,55+,男,4,977,商务,True,True,0.35
765,26-35,女,3,2636,商务,True,True,0.64
766,46-55,男,2,189,商务,True,False,0.75
767,26-35,女,4,3742,商务,True,True,0.68
768,55+,男,2,2691,旅游,True,True,0.2
769,55+,女,8,759,商务,True,False,0.49
770,18-25,女,7,1693,旅游,False,True,0.79
771,55+,男,4,1099,旅游,False,True,0.48
772,18-25,女,5,2933,商务,True,True,0.54
773,46-55,女,2,2407,旅游,True,True,0.77
774,26-35,男,2,357,学习,True,True,0.66
775,26-35,女,3,1754,学习,True,True,0.41
776,18-25,男,4,930,探亲,True,True,0.9
777,26-35,男,4,1171,学习,True,False,0.16
778,55+,女,2,612,旅游,False,True,1.0
779,36-45,女,5,4440,旅游,True,False,0.12
780,18-25,女,2,2520,学习,True,True,0.01
781,26-35,女,4,606,商务,True,True,0.89
782,18-25,女,4,377,商务,True,True,0.24
783,18-25,女,2,805,旅游,True,False,0.73
784,36-45,女,3,1552,商务,False,True,0.81
785,55+,男,5,1328,探亲,True,True,0.86
786,18-25,女,3,2988,探亲,True,False,0.99
787,26-35,男,1,2063,学习,True,True,0.29
788,46-55,女,5,2381,学习,True,False,0.71
789,18-25,女,1,1424,商务,True,True,0.12
790,18-25,男,3,360,旅游,True,False,0.41
791,36-45,女,6,937,学习,True,False,0.85
792,55+,女,2,2560,探亲,True,True,0.37
793,46-55,男,6,1052,学习,True,True,0.59
794,26-35,女,5,1640,学习,True,True,0.5
795,46-55,女,5,849,探亲,True,False,0.65
796,26-35,女,4,481,旅游,True,True,0.97
797,55+,男,7,993,学习,True,True,0.06
798,26-35,女,3,1404,学习,True,True,0.57
799,36-45,女,5,649,学习,True,True,0.86
800,36-45,女,3,908,商务,True,True,0.48
801,36-45,女,6,517,学习,True,True,0.08
802,36-45,男,4,2684,探亲,True,True,0.56
803,46-55,男,4,866,旅游,True,True,0.33
804,55+,女,4,3505,旅游,True,True,0.15
805,26-35,女,2,3725,探亲,True,True,0.85
806,26-35,男,4,1027,商务,True,False,0.52
807,36-45,男,7,489,探亲,True,False,0.93
808,36-45,女,4,206,旅游,True,True,0.81
809,18-25,男,2,337,探亲,True,True,0.69
810,55+,女,4,365,商务,False,True,0.01
811,46-55,男,4,3303,旅游,True,True,0.43
812,26-35,男,3,1203,商务,True,True,0.2
813,18-25,男,4,1497,探亲,True,True,0.91
814,18-25,男,1,185,学习,True,True,0.17
815,26-35,女,9,420,探亲,True,False,0.29
816,46-55,男,2,2229,商务,True,True,0.52
817,18-25,男,2,1379,探亲,False,True,0.26
818,18-25,女,4,974,学习,False,True,0.21
819,55+,男,3,1723,商务,True,False,0.6
820,46-55,男,3,4058,探亲,True,True,0.09
821,18-25,女,4,918,商务,True,True,0.06
822,46-55,男,5,1159,商务,True,True,0.37
823,26-35,女,4,1279,旅游,True,True,0.72
824,36-45,女,8,7433,旅游,True,True,0.55
825,18-25,女,4,204,商务,True,True,0.42
826,55+,女,4,1894,探亲,True,True,0.57
827,26-35,男,4,1000,探亲,True,True,0.37
828,46-55,女,6,1725,探亲,False,True,0.94
829,26-35,男,6,648,学习,True,False,0.05
830,18-25,男,5,1054,商务,True,True,0.67
831,46-55,男,5,1937,商务,True,False,0.89
832,36-45,男,3,13231,学习,True,True,0.8
833,26-35,男,7,2093,商务,True,True,0.18
834,18-25,男,4,556,商务,True,True,0.3
835,55+,男,3,781,学习,True,True,0.72
836,46-55,男,7,763,旅游,True,False,0.08
837,26-35,男,5,260,商务,True,False,0.81
838,26-35,男,4,842,学习,True,True,0.72
839,36-45,女,4,1970,探亲,True,True,0.73
840,36-45,女,7,395,旅游,True,True,0.1
841,55+,女,5,2537,探亲,True,True,0.72
842,55+,男,3,1620,商务,True,True,0.68
843,18-25,女,2,609,旅游,True,True,0.83
844,18-25,女,4,979,学习,False,False,0.04
845,55+,女,5,3938,商务,True,True,0.02
846,55+,男,6,1972,学习,True,False,0.37
847,46-55,男,7,1104,旅游,True,False,0.15
848,36-45,男,3,906,探亲,True,False,0.56
849,18-25,男,5,1165,商务,True,True,0.92
850,36-45,女,5,728,商务,False,True,0.39
851,36-45,女,1,203,学习,True,True,0.84
852,55+,女,5,5618,旅游,True,True,0.0
853,46-55,女,6,1241,学习,True,True,0.17
854,26-35,男,3,1507,旅游,True,False,0.03
855,46-55,男,6,1046,商务,False,False,0.33
856,46-55,男,5,609,旅游,True,False,0.91
857,36-45,女,6,945,商务,True,False,0.1
858,46-55,男,3,305,旅游,True,True,0.61
859,18-25,男,3,6779,探亲,True,True,0.45
860,36-45,女,1,408,旅游,True,True,0.94
861,18-25,女,5,480,探亲,True,True,0.12
862,26-35,男,2,771,旅游,True,False,0.21
863,36-45,男,3,3073,旅游,True,True,0.03
864,26-35,男,4,1109,学习,True,True,0.43
865,36-45,男,3,407,学习,True,True,0.28
866,55+,男,3,2991,商务,True,True,0.87
867,46-55,男,2,1968,学习,True,True,0.6
868,55+,女,4,1687,旅游,True,False,0.61
869,26-35,女,5,1944,学习,False,True,0.53
870,46-55,女,7,7446,旅游,True,True,0.09
871,36-45,男,4,6298,探亲,False,True,0.45
872,46-55,女,3,633,旅游,False,True,1.0
873,18-25,男,4,4020,商务,True,True,0.84
874,46-55,男,2,1490,探亲,True,False,0.89
875,18-25,女,3,1634,商务,True,True,0.82
876,46-55,男,2,283,商务,True,True,0.1
877,18-25,男,4,956,商务,True,True,0.23
878,26-35,女,5,572,学习,True,True,0.0
879,55+,女,3,2126,商务,True,True,0.3
880,36-45,女,3,2583,探亲,True,True,0.11
881,46-55,男,4,208,旅游,True,True,0.47
882,55+,女,3,1077,商务,True,False,0.68
883,36-45,女,3,2690,探亲,True,True,0.87
884,36-45,男,4,944,商务,True,True,0.75
885,18-25,女,2,1965,旅游,True,True,0.94
886,26-35,女,7,1452,探亲,True,True,0.05
887,26-35,女,3,1441,探亲,False,False,0.01
888,55+,男,3,882,旅游,True,False,0.66
889,26-35,男,3,414,探亲,True,True,0.29
890,46-55,男,5,447,旅游,True,False,0.25
891,26-35,男,2,1934,探亲,True,False,0.33
892,55+,女,3,1113,探亲,True,False,0.27
893,26-35,男,5,981,旅游,False,True,0.51
894,46-55,男,4,781,旅游,True,True,0.44
895,18-25,女,4,859,探亲,False,True,0.51
896,55+,女,4,2533,探亲,True,False,0.67
897,18-25,女,7,838,旅游,True,True,0.39
898,18-25,男,4,375,学习,True,True,0.25
899,18-25,男,4,1988,旅游,False,True,0.17
900,36-45,男,2,930,探亲,True,True,0.35
901,36-45,女,3,1124,探亲,True,True,0.74
902,18-25,女,5,3968,探亲,True,False,0.76
903,55+,男,4,1078,旅游,True,True,0.67
904,46-55,女,4,1382,探亲,True,False,0.23
905,46-55,女,3,427,学习,False,True,0.59
906,26-35,女,4,919,商务,True,True,0.57
907,55+,男,2,1785,学习,True,True,0.48
908,36-45,女,3,315,旅游,True,True,0.55
909,18-25,女,3,1287,探亲,True,True,0.49
910,26-35,男,4,1188,旅游,True,True,0.57
911,46-55,男,6,1133,商务,True,True,0.72
912,36-45,女,4,2514,旅游,True,False,0.11
913,36-45,女,7,1433,探亲,True,True,0.75
914,18-25,男,3,3577,商务,False,True,0.14
915,46-55,男,6,495,商务,False,True,0.07
916,55+,女,7,1222,探亲,True,True,0.98
917,36-45,女,7,1173,探亲,True,True,0.96
918,18-25,女,4,466,探亲,False,True,0.06
919,55+,女,5,2356,旅游,True,True,0.44
920,46-55,男,4,7042,学习,True,True,0.19
921,36-45,女,3,1081,旅游,False,True,0.49
922,55+,女,6,1642,旅游,True,False,0.83
923,55+,男,5,1173,学习,True,True,0.95
924,55+,女,3,619,探亲,True,True,0.63
925,36-45,男,1,255,探亲,True,False,0.35
926,36-45,女,1,623,学习,True,True,0.6
927,26-35,女,6,360,学习,True,True,0.31
928,46-55,男,7,4286,旅游,True,True,0.91
929,18-25,男,2,1000,商务,True,True,0.87
930,55+,女,3,831,学习,True,True,0.56
931,26-35,女,6,2233,旅游,True,True,0.32
932,18-25,女,5,447,商务,True,False,0.29
933,26-35,男,4,593,探亲,True,False,0.03
934,36-45,女,3,1158,探亲,True,True,0.82
935,55+,男,1,2497,旅游,True,True,0.45
936,18-25,男,5,1638,旅游,True,True,0.33
937,18-25,女,6,1337,学习,True,True,0.47
938,18-25,男,3,1167,探亲,True,True,0.82
939,18-25,女,4,1510,旅游,True,True,0.12
940,18-25,女,8,1288,探亲,True,True,0.86
941,26-35,女,6,481,探亲,True,True,0.9
942,55+,女,4,1137,学习,True,False,0.95
943,36-45,女,2,464,商务,False,True,0.4
944,36-45,男,4,1170,学习,True,False,0.22
945,36-45,男,5,746,旅游,True,False,0.37
946,36-45,女,2,8362,学习,True,True,0.33
947,26-35,女,4,1062,学习,True,False,0.18
948,46-55,男,4,356,探亲,False,True,0.61
949,55+,男,5,985,学习,True,True,0.48
950,18-25,男,2,1661,旅游,True,True,0.87
951,46-55,男,3,4182,商务,True,True,0.03
952,36-45,女,4,684,学习,True,True,0.64
953,46-55,女,3,309,学习,True,True,0.76
954,55+,男,2,2107,商务,True,True,0.76
955,18-25,女,2,363,旅游,True,True,0.89
956,18-25,男,4,773,旅游,True,True,0.73
957,55+,女,1,892,学习,True,True,0.93
958,55+,男,4,1037,探亲,True,True,0.33
959,36-45,女,2,1903,学习,True,True,0.5
960,18-25,男,2,634,商务,True,True,0.01
961,46-55,男,8,880,商务,True,True,0.01
962,26-35,女,4,1084,商务,True,False,0.24
963,26-35,男,3,1236,学习,True,True,0.1
964,55+,女,5,1185,学习,False,True,0.26
965,36-45,女,5,1554,旅游,True,True,0.18
966,26-35,男,1,2153,探亲,True,False,0.03
967,18-25,女,4,1501,学习,True,True,0.91
968,55+,女,4,1576,旅游,True,True,0.01
969,46-55,女,8,309,学习,True,True,0.74
970,55+,女,4,1141,旅游,True,True,0.15
971,46-55,女,3,1609,旅游,True,True,0.91
972,55+,男,5,1964,探亲,True,True,0.89
973,55+,女,3,630,学习,True,False,0.65
974,55+,女,3,647,旅游,True,True,0.67
975,46-55,女,4,692,商务,True,True,0.01
976,46-55,女,1,1684,商务,True,False,0.98
977,55+,女,1,2507,商务,True,True,0.88
978,26-35,男,4,791,探亲,True,False,0.9
979,36-45,女,5,2267,旅游,True,True,0.66
980,36-45,男,7,1210,探亲,True,False,0.34
981,36-45,男,5,992,学习,True,True,0.89
982,46-55,男,3,926,学习,False,False,0.29
983,46-55,男,3,1992,旅游,True,False,0.56
984,26-35,女,9,1422,商务,False,True,0.1
985,36-45,男,5,6772,旅游,False,True,0.92
986,36-45,男,4,554,旅游,True,True,0.14
987,55+,女,2,1659,旅游,True,False,0.22
988,46-55,女,3,718,探亲,True,True,0.56
989,36-45,女,2,547,学习,True,True,0.76
990,26-35,男,4,1087,旅游,True,True,0.62
991,26-35,女,5,1224,旅游,True,True,0.23
992,36-45,女,1,11322,旅游,True,True,0.0
993,46-55,男,3,946,探亲,False,False,0.76
994,26-35,女,6,444,探亲,True,True,0.99
995,55+,女,6,1364,探亲,True,False,0.81
996,26-35,女,4,208,旅游,True,True,0.46
997,18-25,女,2,1018,商务,False,True,0.9
998,18-25,男,4,1110,商务,True,True,0.41
999,46-55,女,3,2070,商务,True,True,0.52
1000,36-45,女,6,2389,学习,True,False,0.48
